Quantifier,Percentage,A,B,Rtype
Most,3,kustle,reshix,Test-Most-3-kustle-reshix
Most,13,beckel,racual,Test-Most-13-beckel-racual
Most,12,puggle,entand,Test-Most-12-puggle-entand
Most,6,chadop,shaple,Test-Most-6-chadop-shaple
Most,18,chulk,vulhor,Test-Most-18-chulk-vulhor
Most,10,werner,hurmer,Test-Most-10-werner-hurmer
Most,20,mecket,plumry,Test-Most-20-mecket-plumry
Most,7,gukbar,soarse,Test-Most-7-gukbar-soarse
Most,17,clidge,hensly,Test-Most-17-clidge-hensly
Most,4,schook,jabant,Test-Most-4-schook-jabant
Most,11,spunge,wenple,Test-Most-11-spunge-wenple
Most,9,shrile,athoid,Test-Most-9-shrile-athoid
Most,26,cosut,spover,Test-Most-26-cosut-spover
Most,29,coamin,mucond,Test-Most-29-coamin-mucond
Most,28,shamer,bloif,Test-Most-28-shamer-bloif
Most,37,middor,drooty,Test-Most-37-middor-drooty
Most,46,ancit,smeath,Test-Most-46-ancit-smeath
Most,30,pengyl,sedest,Test-Most-30-pengyl-sedest
Most,42,hadder,ollidy,Test-Most-42-hadder-ollidy
Most,41,zetten,unfobs,Test-Most-41-zetten-unfobs
Most,34,fleeve,scalfs,Test-Most-34-fleeve-scalfs
Most,44,tiklet,hullaw,Test-Most-44-tiklet-hullaw
Most,33,shurrie,preser,Test-Most-33-shurrie-preser
Most,38,monter,melelt,Test-Most-38-monter-melelt
Most,70,strant,potind,Test-Most-70-strant-potind
Most,59,pluset,stubad,Test-Most-59-pluset-stubad
Most,53,umpond,marire,Test-Most-53-umpond-marire
Most,61,russer,huttle,Test-Most-61-russer-huttle
Most,67,cather,funder,Test-Most-67-cather-funder
Most,65,tecker,biller,Test-Most-65-tecker-biller
Most,55,birler,enciad,Test-Most-55-birler-enciad
Most,71,raster,movell,Test-Most-71-raster-movell
Most,66,menner,nandow,Test-Most-66-menner-nandow
Most,52,bamet,unzast,Test-Most-52-bamet-unzast
Most,68,pliper,sesare,Test-Most-68-pliper-sesare
Most,73,coppar,hunene,Test-Most-73-coppar-hunene
Most,92,sporer,firtly,Test-Most-92-sporer-firtly
Most,77,pirter,secent,Test-Most-77-pirter-secent
Most,99,pobbit,spippy,Test-Most-99-pobbit-spippy
Most,81,padnet,fanely,Test-Most-81-padnet-fanely
Most,94,boddle,molill,Test-Most-94-boddle-molill
Most,86,devole,sholly,Test-Most-86-devole-sholly
Most,88,jallem,sildal,Test-Most-88-jallem-sildal
Most,97,dorder,coggon,Test-Most-97-dorder-coggon
Most,93,puctor,recure,Test-Most-93-puctor-recure
Most,85,chevel,podden,Test-Most-85-chevel-podden
Most,84,awplor,fasees,Test-Most-84-awplor-fasees
Most,96,ingell,nalill,Test-Most-96-ingell-nalill
Some,19,kustle,reshix,Test-Some-19-kustle-reshix
Some,16,puggle,entand,Test-Some-16-puggle-entand
Some,4,chulk,vulhor,Test-Some-4-chulk-vulhor
Some,15,mecket,plumry,Test-Some-15-mecket-plumry
Some,13,clidge,hensly,Test-Some-13-clidge-hensly
Some,3,spunge,wenple,Test-Some-3-spunge-wenple
Some,43,cosut,spover,Test-Some-43-cosut-spover
Some,30,shamer,bloif,Test-Some-30-shamer-bloif
Some,32,ancit,smeath,Test-Some-32-ancit-smeath
Some,48,hadder,ollidy,Test-Some-48-hadder-ollidy
Some,44,fleeve,scalfs,Test-Some-44-fleeve-scalfs
Some,49,shurrie,preser,Test-Some-49-shurrie-preser
Some,52,strant,potind,Test-Some-52-strant-potind
Some,59,umpond,marire,Test-Some-59-umpond-marire
Some,71,cather,funder,Test-Some-71-cather-funder
Some,68,birler,enciad,Test-Some-68-birler-enciad
Some,61,menner,nandow,Test-Some-61-menner-nandow
Some,62,pliper,sesare,Test-Some-62-pliper-sesare
Some,90,sporer,firtly,Test-Some-90-sporer-firtly
Some,92,pobbit,spippy,Test-Some-92-pobbit-spippy
Some,75,boddle,molill,Test-Some-75-boddle-molill
Some,76,jallem,sildal,Test-Some-76-jallem-sildal
Some,100,puctor,recure,Test-Some-100-puctor-recure
Some,80,awplor,fasees,Test-Some-80-awplor-fasees
All,17,kustle,reshix,Test-All-17-kustle-reshix
All,16,puggle,entand,Test-All-16-puggle-entand
All,21,chulk,vulhor,Test-All-21-chulk-vulhor
All,19,mecket,plumry,Test-All-19-mecket-plumry
All,6,clidge,hensly,Test-All-6-clidge-hensly
All,2,spunge,wenple,Test-All-2-spunge-wenple
All,25,cosut,spover,Test-All-25-cosut-spover
All,39,shamer,bloif,Test-All-39-shamer-bloif
All,40,ancit,smeath,Test-All-40-ancit-smeath
All,46,hadder,ollidy,Test-All-46-hadder-ollidy
All,30,fleeve,scalfs,Test-All-30-fleeve-scalfs
All,49,shurrie,preser,Test-All-49-shurrie-preser
All,68,strant,potind,Test-All-68-strant-potind
All,52,umpond,marire,Test-All-52-umpond-marire
All,62,cather,funder,Test-All-62-cather-funder
All,60,birler,enciad,Test-All-60-birler-enciad
All,69,menner,nandow,Test-All-69-menner-nandow
All,70,pliper,sesare,Test-All-70-pliper-sesare
All,97,sporer,firtly,Test-All-97-sporer-firtly
All,79,pobbit,spippy,Test-All-79-pobbit-spippy
All,77,boddle,molill,Test-All-77-boddle-molill
All,81,jallem,sildal,Test-All-81-jallem-sildal
All,76,puctor,recure,Test-All-76-puctor-recure
All,94,awplor,fasees,Test-All-94-awplor-fasees
Some-Neg,21,beckel,racual,Test-Some-Neg-21-beckel-racual
Some-Neg,18,chadop,shaple,Test-Some-Neg-18-chadop-shaple
Some-Neg,24,werner,hurmer,Test-Some-Neg-24-werner-hurmer
Some-Neg,11,gukbar,soarse,Test-Some-Neg-11-gukbar-soarse
Some-Neg,1,schook,jabant,Test-Some-Neg-1-schook-jabant
Some-Neg,12,shrile,athoid,Test-Some-Neg-12-shrile-athoid
Some-Neg,29,coamin,mucond,Test-Some-Neg-29-coamin-mucond
Some-Neg,40,middor,drooty,Test-Some-Neg-40-middor-drooty
Some-Neg,37,pengyl,sedest,Test-Some-Neg-37-pengyl-sedest
Some-Neg,31,zetten,unfobs,Test-Some-Neg-31-zetten-unfobs
Some-Neg,35,tiklet,hullaw,Test-Some-Neg-35-tiklet-hullaw
Some-Neg,28,monter,melelt,Test-Some-Neg-28-monter-melelt
Some-Neg,51,pluset,stubad,Test-Some-Neg-51-pluset-stubad
Some-Neg,58,russer,huttle,Test-Some-Neg-58-russer-huttle
Some-Neg,64,tecker,biller,Test-Some-Neg-64-tecker-biller
Some-Neg,70,raster,movell,Test-Some-Neg-70-raster-movell
Some-Neg,69,bamet,unzast,Test-Some-Neg-69-bamet-unzast
Some-Neg,53,coppar,hunene,Test-Some-Neg-53-coppar-hunene
Some-Neg,93,pirter,secent,Test-Some-Neg-93-pirter-secent
Some-Neg,82,padnet,fanely,Test-Some-Neg-82-padnet-fanely
Some-Neg,79,devole,sholly,Test-Some-Neg-79-devole-sholly
Some-Neg,77,dorder,coggon,Test-Some-Neg-77-dorder-coggon
Some-Neg,95,chevel,podden,Test-Some-Neg-95-chevel-podden
Some-Neg,87,ingell,nalill,Test-Some-Neg-87-ingell-nalill
All-Neg,11,beckel,racual,Test-All-Neg-11-beckel-racual
All-Neg,9,chadop,shaple,Test-All-Neg-9-chadop-shaple
All-Neg,24,werner,hurmer,Test-All-Neg-24-werner-hurmer
All-Neg,0,gukbar,soarse,Test-All-Neg-0-gukbar-soarse
All-Neg,5,schook,jabant,Test-All-Neg-5-schook-jabant
All-Neg,3,shrile,athoid,Test-All-Neg-3-shrile-athoid
All-Neg,29,coamin,mucond,Test-All-Neg-29-coamin-mucond
All-Neg,38,middor,drooty,Test-All-Neg-38-middor-drooty
All-Neg,33,pengyl,sedest,Test-All-Neg-33-pengyl-sedest
All-Neg,28,zetten,unfobs,Test-All-Neg-28-zetten-unfobs
All-Neg,37,tiklet,hullaw,Test-All-Neg-37-tiklet-hullaw
All-Neg,44,monter,melelt,Test-All-Neg-44-monter-melelt
All-Neg,51,pluset,stubad,Test-All-Neg-51-pluset-stubad
All-Neg,61,russer,huttle,Test-All-Neg-61-russer-huttle
All-Neg,55,tecker,biller,Test-All-Neg-55-tecker-biller
All-Neg,74,raster,movell,Test-All-Neg-74-raster-movell
All-Neg,59,bamet,unzast,Test-All-Neg-59-bamet-unzast
All-Neg,67,coppar,hunene,Test-All-Neg-67-coppar-hunene
All-Neg,83,pirter,secent,Test-All-Neg-83-pirter-secent
All-Neg,89,padnet,fanely,Test-All-Neg-89-padnet-fanely
All-Neg,84,devole,sholly,Test-All-Neg-84-devole-sholly
All-Neg,80,dorder,coggon,Test-All-Neg-80-dorder-coggon
All-Neg,92,chevel,podden,Test-All-Neg-92-chevel-podden
All-Neg,88,ingell,nalill,Test-All-Neg-88-ingell-nalill
